{"cameraMode":{"drawMode":0,"name":"Shaded","section":"Shading Mode"},"sceneLighting":true,"audioPlay":false,"sceneViewState":{"showFog":true,"showMaterialUpdate":false,"showSkybox":true,"showFlares":true,"showImageEffects":true,"showParticleSystems":true},"in2DMode":false,"pivot":{"x":2.0619256496429445,"y":1.594104290008545,"z":-2.3721914291381838},"rotation":{"x":-0.04678964242339134,"y":0.012582136318087578,"z":-0.00059219088871032,"w":-0.9988500475883484},"size":4.474456310272217,"orthographic":false}