{"cameraMode":{"drawMode":0,"name":"Shaded","section":"Shading Mode"},"sceneLighting":true,"audioPlay":false,"sceneViewState":{"showFog":true,"showMaterialUpdate":false,"showSkybox":true,"showFlares":true,"showImageEffects":true,"showParticleSystems":true},"in2DMode":false,"pivot":{"x":-0.2871934175491333,"y":0.8996759057044983,"z":-4.145049571990967},"rotation":{"x":0.05487077310681343,"y":-0.5860444903373718,"z":0.03975978493690491,"w":0.8075182437896729},"size":1.237159013748169,"orthographic":false}